{
  "width": 320,
  "height": 240,
  "fx": 366.49964342456235,
  "fy": 376.69709657851536,
  "cx": 160.0,
  "cy": 120.0,
  "focal_length": 24.0,
  "horizontal_aperture": 20.954999923706055,
  "vertical_aperture": 15.290800094604492
}