{
  "cup_path": "/World/office1/Room_seed123_idx000/furniture/tea_table/cup",
  "T_world_cup": [
    [
      2.6645352591003756e-16,
      1.2,
      5.329070518200751e-16,
      2.827275532134659
    ],
    [
      1.2,
      -2.6645352591003756e-16,
      -1.1832913578315177e-31,
      -1.8653563806447653
    ],
    [
      0.0,
      5.329070518200751e-16,
      -1.2,
      0.7081085783497454
    ],
    [
      0.0,
      0.0,
      0.0,
      1.0
    ]
  ],
  "bbox_min": [
    2.7874954443655824,
    -1.9051364684137977,
    0.47042831522475115
  ],
  "bbox_max": [
    2.8670556199036454,
    -1.8255762928757346,
    0.639123123512421
  ]
}